[Header],,,,
Investigator Name,Jason,,,
Project Name,Novogene,,,
Experiment Name,X_test,,,
Date,181212,,,
Workflow,GenerateFASTQ,,,
[Data],,,,
SampleID,SampleName,index,index2
USPD16094508,USPD16094508,GAGCAAGA,,
USPD16094508,USPD16094508,ATATCCCG,,
USPD16094508,USPD16094508,CGCAGTTC,,
USPD16094508,USPD16094508,TCTGTGAT,,
USPD16094509,USPD16094509,TATGAGCT,,
USPD16094509,USPD16094509,GGCTGTTG,,
USPD16094509,USPD16094509,ATACCCAA,,
USPD16094509,USPD16094509,CCGATAGC,,
USPD16094510,USPD16094510,GGTATGCA,,
USPD16094510,USPD16094510,TAGTGCGG,,
USPD16094510,USPD16094510,ACACCTTC,,
USPD16094510,USPD16094510,CTCGAAAT,,
USPD16094511_1,USPD16094511_1,CTGACGCG,,
USPD16094511_1,USPD16094511_1,GGTCGTAC,,
USPD16094511_1,USPD16094511_1,TCCTTCTT,,
USPD16094511_1,USPD16094511_1,CCTTGTAG,,
USPD16094511_2,USPD16094511_2,TAGGACGT,,
USPD16094511_2,USPD16094511_2,ATCCCACA,,
USPD16094511_2,USPD16094511_2,GGAATGTC,,
USPD16094511_2,USPD16094511_2,AAAGAAGA,,
